[
  {
    "id":"ac",
    "text":"Abcoude"
  },
  {
    "id":"ah",
    "text":"Arnhem"
  },
  {
    "id":"ahp",
    "text":"Arnhem Velperpoort"
  },
  {
    "id":"ahpr",
    "text":"Arnhem Presikhaaf"
  },
  {
    "id":"ahz",
    "text":"Arnhem Zuid"
  },
  {
    "id":"akl",
    "text":"Arkel"
  },
  {
    "id":"akm",
    "text":"Akkrum"
  },
  {
    "id":"alm",
    "text":"Almere Centrum"
  },
  {
    "id":"almb",
    "text":"Almere Buiten"
  },
  {
    "id":"almm",
    "text":"Almere Muziekwijk"
  },
  {
    "id":"almo",
    "text":"Almere Oostvaarders"
  },
  {
    "id":"almp",
    "text":"Almere Parkwijk"
  },
  {
    "id":"amf",
    "text":"Amersfoort"
  },
  {
    "id":"amfs",
    "text":"Amersfoort Schothorst"
  },
  {
    "id":"aml",
    "text":"Almelo"
  },
  {
    "id":"amr",
    "text":"Alkmaar"
  },
  {
    "id":"amri",
    "text":"Almelo de Riet"
  },
  {
    "id":"amrn",
    "text":"Alkmaar Noord"
  },
  {
    "id":"ana",
    "text":"Anna Paulowna"
  },
  {
    "id":"apd",
    "text":"Apeldoorn"
  },
  {
    "id":"apdm",
    "text":"Apeldoorn De Maten"
  },
  {
    "id":"apdo",
    "text":"Apeldoorn Osseveld"
  },
  {
    "id":"apg",
    "text":"Appingedam"
  },
  {
    "id":"apn",
    "text":"Alphen a/d Rijn"
  },
  {
    "id":"arn",
    "text":"Arnemuiden"
  },
  {
    "id":"asa",
    "text":"Amsterdam Amstel"
  },
  {
    "id":"asb",
    "text":"Amsterdam Bijlmer ArenA"
  },
  {
    "id":"asd",
    "text":"Amsterdam Centraal"
  },
  {
    "id":"asdl",
    "text":"Amsterdam Lelylaan"
  },
  {
    "id":"asdm",
    "text":"Amsterdam Muiderpoort"
  },
  {
    "id":"asdz",
    "text":"Amsterdam Zuid"
  },
  {
    "id":"ashd",
    "text":"Amsterdam Holendrecht"
  },
  {
    "id":"assp",
    "text":"Amsterdam Science Park"
  },
  {
    "id":"asn",
    "text":"Assen"
  },
  {
    "id":"ass",
    "text":"Amsterdam Sloterdijk"
  },
  {
    "id":"atn",
    "text":"Aalten"
  },
  {
    "id":"avat",
    "text":"Amersfoort Vathorst"
  },
  {
    "id":"bd",
    "text":"Breda"
  },
  {
    "id":"bde",
    "text":"Bunde"
  },
  {
    "id":"bdg",
    "text":"Bodegraven"
  },
  {
    "id":"bdm",
    "text":"Bedum"
  },
  {
    "id":"bdpb",
    "text":"Breda-Prinsenbeek"
  },
  {
    "id":"bet",
    "text":"Best"
  },
  {
    "id":"bf",
    "text":"Baflo"
  },
  {
    "id":"bgn",
    "text":"Bergen op Zoom"
  },
  {
    "id":"bhv",
    "text":"Bilthoven"
  },
  {
    "id":"bk",
    "text":"Beek-Elsloo"
  },
  {
    "id":"bkf",
    "text":"Bovenkarspel Flora"
  },
  {
    "id":"bkg",
    "text":"Bovenkarspel-Grootebroek"
  },
  {
    "id":"bkl",
    "text":"Breukelen"
  },
  {
    "id":"bl",
    "text":"Beilen"
  },
  {
    "id":"bll",
    "text":"Bloemendaal"
  },
  {
    "id":"bmn",
    "text":"Brummen"
  },
  {
    "id":"bmr",
    "text":"Boxmeer"
  },
  {
    "id":"bn",
    "text":"Borne"
  },
  {
    "id":"bnc",
    "text":"Barneveld Centrum"
  },
  {
    "id":"bnk",
    "text":"Bunnik"
  },
  {
    "id":"bnn",
    "text":"Barneveld Noord"
  },
  {
    "id":"bp",
    "text":"Buitenpost"
  },
  {
    "id":"br",
    "text":"Blerick"
  },
  {
    "id":"brd",
    "text":"Barendrecht"
  },
  {
    "id":"brn",
    "text":"Baarn"
  },
  {
    "id":"bsd",
    "text":"Beesd"
  },
  {
    "id":"bsk",
    "text":"Boskoop"
  },
  {
    "id":"bsmz",
    "text":"Bussum Zuid"
  },
  {
    "id":"btl",
    "text":"Boxtel"
  },
  {
    "id":"bv",
    "text":"Beverwijk"
  },
  {
    "id":"bzl",
    "text":"Kapelle-Biezelinge"
  },
  {
    "id":"cas",
    "text":"Castricum"
  },
  {
    "id":"ck",
    "text":"Cuijk"
  },
  {
    "id":"cl",
    "text":"Culemborg"
  },
  {
    "id":"co",
    "text":"Coevorden"
  },
  {
    "id":"cps",
    "text":"Capelle Schollevaar"
  },
  {
    "id":"cvm",
    "text":"Chevremont"
  },
  {
    "id":"da",
    "text":"Daarlerveen"
  },
  {
    "id":"db",
    "text":"Driebergen-Zeist"
  },
  {
    "id":"ddn",
    "text":"Delden"
  },
  {
    "id":"ddr",
    "text":"Dordrecht"
  },
  {
    "id":"ddrs",
    "text":"Dordrecht Stadspolders"
  },
  {
    "id":"ddzd",
    "text":"Dordrecht Zuid"
  },
  {
    "id":"dei",
    "text":"Deinum"
  },
  {
    "id":"did",
    "text":"Didam"
  },
  {
    "id":"dl",
    "text":"Dalfsen"
  },
  {
    "id":"dld",
    "text":"Den Dolder"
  },
  {
    "id":"dln",
    "text":"Dalen"
  },
  {
    "id":"dmn",
    "text":"Diemen"
  },
  {
    "id":"dmnz",
    "text":"Diemen Zuid"
  },
  {
    "id":"dn",
    "text":"Deurne"
  },
  {
    "id":"dr",
    "text":"Dieren"
  },
  {
    "id":"drh",
    "text":"Driehuis"
  },
  {
    "id":"drp",
    "text":"Dronrijp"
  },
  {
    "id":"dt",
    "text":"Delft"
  },
  {
    "id":"dtc",
    "text":"Doetinchem"
  },
  {
    "id":"dtch",
    "text":"Doetinchem De Huet"
  },
  {
    "id":"dtz",
    "text":"Delft Zuid"
  },
  {
    "id":"dv",
    "text":"Deventer"
  },
  {
    "id":"dvc",
    "text":"Deventer Colmschate"
  },
  {
    "id":"dvd",
    "text":"Duivendrecht"
  },
  {
    "id":"dvn",
    "text":"Duiven"
  },
  {
    "id":"dvnk",
    "text":"De Vink"
  },
  {
    "id":"dz",
    "text":"Delfzijl"
  },
  {
    "id":"dzw",
    "text":"Delfzijl West"
  },
  {
    "id":"ec",
    "text":"Echt"
  },
  {
    "id":"ed",
    "text":"Ede-Wageningen"
  },
  {
    "id":"edc",
    "text":"Ede Centrum"
  },
  {
    "id":"edn",
    "text":"Eijsden"
  },
  {
    "id":"egh",
    "text":"Eygelshoven"
  },
  {
    "id":"eghm",
    "text":"Eygelshoven Markt"
  },
  {
    "id":"ehb",
    "text":"Eindhoven Beukenlaan"
  },
  {
    "id":"ehv",
    "text":"Eindhoven"
  },
  {
    "id":"ekz",
    "text":"Enkhuizen"
  },
  {
    "id":"eml",
    "text":"Ermelo"
  },
  {
    "id":"emn",
    "text":"Emmen"
  },
  {
    "id":"emnz",
    "text":"Emmen Zuid"
  },
  {
    "id":"es",
    "text":"Enschede"
  },
  {
    "id":"esd",
    "text":"Enschede Drienerlo"
  },
  {
    "id":"ese",
    "text":"Enschede De Eschmarke"
  },
  {
    "id":"est",
    "text":"Elst"
  },
  {
    "id":"etn",
    "text":"Etten-Leur"
  },
  {
    "id":"fn",
    "text":"Franeker"
  },
  {
    "id":"gbg",
    "text":"Gramsbergen"
  },
  {
    "id":"gbr",
    "text":"Glanerbrug"
  },
  {
    "id":"gd",
    "text":"Gouda"
  },
  {
    "id":"gdg",
    "text":"Gouda Goverwelle"
  },
  {
    "id":"gdk",
    "text":"Geerdijk"
  },
  {
    "id":"gdm",
    "text":"Geldermalsen"
  },
  {
    "id":"gdr",
    "text":"Gaanderen"
  },
  {
    "id":"gerp",
    "text":"Groningen Europapark"
  },
  {
    "id":"gk",
    "text":"Grijpskerk"
  },
  {
    "id":"gln",
    "text":"Geleen Oost"
  },
  {
    "id":"gn",
    "text":"Groningen"
  },
  {
    "id":"gnd",
    "text":"Hardinxveld-Giessendam"
  },
  {
    "id":"gnn",
    "text":"Groningen Noord"
  },
  {
    "id":"go",
    "text":"Goor"
  },
  {
    "id":"gp",
    "text":"Geldrop"
  },
  {
    "id":"gr",
    "text":"Gorinchem"
  },
  {
    "id":"gs",
    "text":"Goes"
  },
  {
    "id":"gv",
    "text":"Den Haag HS"
  },
  {
    "id":"gvc",
    "text":"Den Haag Centraal"
  },
  {
    "id":"gvm",
    "text":"Den Haag Mariahoeve"
  },
  {
    "id":"gvmw",
    "text":"Den Haag Moerwijk"
  },
  {
    "id":"gw",
    "text":"Grou-Jirnsum"
  },
  {
    "id":"gz",
    "text":"Gilze-Rijen"
  },
  {
    "id":"had",
    "text":"Heemstede-Aerdenhout"
  },
  {
    "id":"hb",
    "text":"Hoensbroek"
  },
  {
    "id":"hd",
    "text":"Harderwijk"
  },
  {
    "id":"hdb",
    "text":"Hardenberg"
  },
  {
    "id":"hde",
    "text":"'t Harde"
  },
  {
    "id":"hdg",
    "text":"Hurdegaryp"
  },
  {
    "id":"hdr",
    "text":"Den Helder"
  },
  {
    "id":"hdrz",
    "text":"Den Helder Zuid"
  },
  {
    "id":"hfd",
    "text":"Hoofddorp"
  },
  {
    "id":"hgl",
    "text":"Hengelo"
  },
  {
    "id":"hglo",
    "text":"Hengelo Oost"
  },
  {
    "id":"hgv",
    "text":"Hoogeveen"
  },
  {
    "id":"hgz",
    "text":"Hoogezand-Sappemeer"
  },
  {
    "id":"hil",
    "text":"Hillegom"
  },
  {
    "id":"hk",
    "text":"Heemskerk"
  },
  {
    "id":"hks",
    "text":"Hoogkarspel"
  },
  {
    "id":"hld",
    "text":"Hoek van Holland Haven"
  },
  {
    "id":"hlds",
    "text":"Hoek van Holland Strand"
  },
  {
    "id":"hlg",
    "text":"Harlingen"
  },
  {
    "id":"hlgh",
    "text":"Harlingen Haven"
  },
  {
    "id":"hlm",
    "text":"Haarlem"
  },
  {
    "id":"hlms",
    "text":"Haarlem Spaarnwoude"
  },
  {
    "id":"hlo",
    "text":"Heiloo"
  },
  {
    "id":"hm",
    "text":"Helmond"
  },
  {
    "id":"hmbh",
    "text":"Helmond Brouwhuis"
  },
  {
    "id":"hmbv",
    "text":"Helmond Brandevoort"
  },
  {
    "id":"hmh",
    "text":"Helmond 't Hout"
  },
  {
    "id":"hmn",
    "text":"Hemmen-Dodewaard"
  },
  {
    "id":"hn",
    "text":"Hoorn"
  },
  {
    "id":"hnk",
    "text":"Hoorn Kersenboogerd"
  },
  {
    "id":"hno",
    "text":"Heino"
  },
  {
    "id":"hnp",
    "text":"Hindeloopen"
  },
  {
    "id":"hon",
    "text":"Holten"
  },
  {
    "id":"hor",
    "text":"Hollandsche Rading"
  },
  {
    "id":"hr",
    "text":"Heerenveen"
  },
  {
    "id":"hrl",
    "text":"Heerlen"
  },
  {
    "id":"hrlw",
    "text":"Heerlen Woonboulevard"
  },
  {
    "id":"hrlk",
    "text":"Heerlen De Kissel"
  },
  {
    "id":"hrn",
    "text":"Haren"
  },
  {
    "id":"hrt",
    "text":"Horst-Sevenum"
  },
  {
    "id":"ht",
    "text":"'s-Hertogenbosch"
  },
  {
    "id":"htn",
    "text":"Houten"
  },
  {
    "id":"htnc",
    "text":"Houten Castellum"
  },
  {
    "id":"hto",
    "text":"'s-Hertogenbosch Oost"
  },
  {
    "id":"hvs",
    "text":"Hilversum"
  },
  {
    "id":"hvsp",
    "text":"Hilversum Sportpark"
  },
  {
    "id":"hwd",
    "text":"Heerhugowaard"
  },
  {
    "id":"hze",
    "text":"Heeze"
  },
  {
    "id":"ijt",
    "text":"IJlst"
  },
  {
    "id":"kbd",
    "text":"Krabbendijke"
  },
  {
    "id":"kbk",
    "text":"Klarenbeek"
  },
  {
    "id":"kbw",
    "text":"Koog Bloemwijk"
  },
  {
    "id":"klp",
    "text":"Veenendaal-De Klomp"
  },
  {
    "id":"kma",
    "text":"Krommenie-Assendelft"
  },
  {
    "id":"kmr",
    "text":"Klimmen-Ransdaal"
  },
  {
    "id":"kmw",
    "text":"Koudum-Molkwerum"
  },
  {
    "id":"kpn",
    "text":"Kampen"
  },
  {
    "id":"krd",
    "text":"Kerkrade Centrum"
  },
  {
    "id":"krg",
    "text":"Kruiningen-Yerseke"
  },
  {
    "id":"ktr",
    "text":"Kesteren"
  },
  {
    "id":"kw",
    "text":"Kropswolde"
  },
  {
    "id":"kzd",
    "text":"Koog-Zaandijk"
  },
  {
    "id":"laa",
    "text":"Den Haag Laan v NOI"
  },
  {
    "id":"lc",
    "text":"Lochem"
  },
  {
    "id":"ldl",
    "text":"Leiden Lammenschans"
  },
  {
    "id":"ldm",
    "text":"Leerdam"
  },
  {
    "id":"ledn",
    "text":"Leiden Centraal"
  },
  {
    "id":"lg",
    "text":"Landgraaf"
  },
  {
    "id":"lls",
    "text":"Lelystad Centrum"
  },
  {
    "id":"lp",
    "text":"Loppersum"
  },
  {
    "id":"ltn",
    "text":"Lunteren"
  },
  {
    "id":"ltv",
    "text":"Lichtenvoorde-Groenlo"
  },
  {
    "id":"lut",
    "text":"Geleen-Lutterade"
  },
  {
    "id":"lw",
    "text":"Leeuwarden"
  },
  {
    "id":"lwc",
    "text":"Leeuwarden Camminghaburen"
  },
  {
    "id":"mas",
    "text":"Maarssen"
  },
  {
    "id":"mdb",
    "text":"Middelburg"
  },
  {
    "id":"mes",
    "text":"Meerssen"
  },
  {
    "id":"mg",
    "text":"Mantgum"
  },
  {
    "id":"mmlh",
    "text":"Mook Molenhoek"
  },
  {
    "id":"mp",
    "text":"Meppel"
  },
  {
    "id":"mrb",
    "text":"Mariënberg"
  },
  {
    "id":"mrn",
    "text":"Maarn"
  },
  {
    "id":"mss",
    "text":"Maassluis"
  },
  {
    "id":"msw",
    "text":"Maassluis West"
  },
  {
    "id":"mt",
    "text":"Maastricht"
  },
  {
    "id":"mth",
    "text":"Martenshoek"
  },
  {
    "id":"mtr",
    "text":"Maastricht Randwyck"
  },
  {
    "id":"mz",
    "text":"Maarheeze"
  },
  {
    "id":"na",
    "text":"Nieuw Amsterdam"
  },
  {
    "id":"ndb",
    "text":"Naarden-Bussum"
  },
  {
    "id":"nh",
    "text":"Nuth"
  },
  {
    "id":"nkk",
    "text":"Nijkerk"
  },
  {
    "id":"nm",
    "text":"Nijmegen"
  },
  {
    "id":"nmd",
    "text":"Nijmegen Dukenburg"
  },
  {
    "id":"nmh",
    "text":"Nijmegen Heyendaal"
  },
  {
    "id":"nml",
    "text":"Nijmegen Lent"
  },
  {
    "id":"ns",
    "text":"Nunspeet"
  },
  {
    "id":"nsch",
    "text":"Bad Nieuweschans"
  },
  {
    "id":"nvd",
    "text":"Nijverdal"
  },
  {
    "id":"nvp",
    "text":"Nieuw Vennep"
  },
  {
    "id":"nwk",
    "text":"Nieuwerkerk a/d IJssel"
  },
  {
    "id":"nwl",
    "text":"Schiedam Nieuwland"
  },
  {
    "id":"o",
    "text":"Oss"
  },
  {
    "id":"obd",
    "text":"Obdam"
  },
  {
    "id":"odb",
    "text":"Oudenbosch"
  },
  {
    "id":"odz",
    "text":"Oldenzaal"
  },
  {
    "id":"omn",
    "text":"Ommen"
  },
  {
    "id":"op",
    "text":"Opheusden"
  },
  {
    "id":"ost",
    "text":"Olst"
  },
  {
    "id":"ot",
    "text":"Oisterwijk"
  },
  {
    "id":"otb",
    "text":"Oosterbeek"
  },
  {
    "id":"ovn",
    "text":"Overveen"
  },
  {
    "id":"ow",
    "text":"Oss West"
  },
  {
    "id":"pmo",
    "text":"Purmerend Overwhere"
  },
  {
    "id":"pmr",
    "text":"Purmerend"
  },
  {
    "id":"pmw",
    "text":"Purmerend Weidevenne"
  },
  {
    "id":"pt",
    "text":"Putten"
  },
  {
    "id":"rai",
    "text":"Amsterdam RAI"
  },
  {
    "id":"rat",
    "text":"Raalte"
  },
  {
    "id":"rb",
    "text":"Rilland-Bath"
  },
  {
    "id":"rd",
    "text":"Roodeschool"
  },
  {
    "id":"rh",
    "text":"Rheden"
  },
  {
    "id":"rhn",
    "text":"Rhenen"
  },
  {
    "id":"rl",
    "text":"Ruurlo"
  },
  {
    "id":"rlb",
    "text":"Rotterdam Lombardijen"
  },
  {
    "id":"rm",
    "text":"Roermond"
  },
  {
    "id":"rs",
    "text":"Rosmalen"
  },
  {
    "id":"rsd",
    "text":"Roosendaal"
  },
  {
    "id":"rsn",
    "text":"Rijssen"
  },
  {
    "id":"rsw",
    "text":"Rijswijk"
  },
  {
    "id":"rta",
    "text":"Rotterdam Alexander"
  },
  {
    "id":"rtb",
    "text":"Rotterdam Blaak"
  },
  {
    "id":"rtd",
    "text":"Rotterdam Centraal"
  },
  {
    "id":"rtn",
    "text":"Rotterdam Noord"
  },
  {
    "id":"rtst",
    "text":"Rotterdam Stadion"
  },
  {
    "id":"rtz",
    "text":"Rotterdam Zuid"
  },
  {
    "id":"rv",
    "text":"Reuver"
  },
  {
    "id":"rvs",
    "text":"Ravenstein"
  },
  {
    "id":"sbk",
    "text":"Spaubeek"
  },
  {
    "id":"sd",
    "text":"Soestdijk"
  },
  {
    "id":"sda",
    "text":"Scheemda"
  },
  {
    "id":"sdm",
    "text":"Schiedam Centrum"
  },
  {
    "id":"sdt",
    "text":"Sliedrecht"
  },
  {
    "id":"sgl",
    "text":"Houthem-St Gerlach"
  },
  {
    "id":"sgn",
    "text":"Schagen"
  },
  {
    "id":"shl",
    "text":"Schiphol"
  },
  {
    "id":"sk",
    "text":"Sneek"
  },
  {
    "id":"sknd",
    "text":"Sneek Noord"
  },
  {
    "id":"sm",
    "text":"Swalmen"
  },
  {
    "id":"sn",
    "text":"Schinnen"
  },
  {
    "id":"sog",
    "text":"Schin op Geul"
  },
  {
    "id":"spm",
    "text":"Sappemeer Oost"
  },
  {
    "id":"sptn",
    "text":"Santpoort Noord"
  },
  {
    "id":"sptz",
    "text":"Santpoort Zuid"
  },
  {
    "id":"srn",
    "text":"Susteren"
  },
  {
    "id":"st",
    "text":"Soest"
  },
  {
    "id":"std",
    "text":"Sittard"
  },
  {
    "id":"stm",
    "text":"Stedum"
  },
  {
    "id":"stv",
    "text":"Stavoren"
  },
  {
    "id":"stz",
    "text":"Soest Zuid"
  },
  {
    "id":"swd",
    "text":"Sauwerd"
  },
  {
    "id":"swk",
    "text":"Steenwijk"
  },
  {
    "id":"tb",
    "text":"Tilburg"
  },
  {
    "id":"tbg",
    "text":"Terborg"
  },
  {
    "id":"tbr",
    "text":"Tilburg Reeshof"
  },
  {
    "id":"tbu",
    "text":"Tilburg Universiteit"
  },
  {
    "id":"tg",
    "text":"Tegelen"
  },
  {
    "id":"tl",
    "text":"Tiel"
  },
  {
    "id":"tpsw",
    "text":"Tiel Passewaaij"
  },
  {
    "id":"twl",
    "text":"Twello"
  },
  {
    "id":"uhm",
    "text":"Uithuizermeeden"
  },
  {
    "id":"uhz",
    "text":"Uithuizen"
  },
  {
    "id":"ust",
    "text":"Usquert"
  },
  {
    "id":"ut",
    "text":"Utrecht Centraal"
  },
  {
    "id":"utg",
    "text":"Uitgeest"
  },
  {
    "id":"utl",
    "text":"Utrecht Lunetten"
  },
  {
    "id":"utm",
    "text":"Utrecht Maliebaan"
  },
  {
    "id":"uto",
    "text":"Utrecht Overvecht"
  },
  {
    "id":"utt",
    "text":"Utrecht Terwijde"
  },
  {
    "id":"utzl",
    "text":"Utrecht Zuilen"
  },
  {
    "id":"vb",
    "text":"Voorburg"
  },
  {
    "id":"vd",
    "text":"Vorden"
  },
  {
    "id":"vdg",
    "text":"Vlaardingen Centrum"
  },
  {
    "id":"vdl",
    "text":"Voerendaal"
  },
  {
    "id":"vdo",
    "text":"Vlaardingen Oost"
  },
  {
    "id":"vdw",
    "text":"Vlaardingen West"
  },
  {
    "id":"vem",
    "text":"Voorst-Empe"
  },
  {
    "id":"vg",
    "text":"Vught"
  },
  {
    "id":"vh",
    "text":"Voorhout"
  },
  {
    "id":"vhp",
    "text":"Vroomshoop"
  },
  {
    "id":"vk",
    "text":"Valkenburg"
  },
  {
    "id":"vl",
    "text":"Venlo"
  },
  {
    "id":"vlb",
    "text":"Vierlingsbeek"
  },
  {
    "id":"vndc",
    "text":"Veenendaal Centrum"
  },
  {
    "id":"vndw",
    "text":"Veenendaal West"
  },
  {
    "id":"vp",
    "text":"Velp"
  },
  {
    "id":"vry",
    "text":"Venray"
  },
  {
    "id":"vs",
    "text":"Vlissingen"
  },
  {
    "id":"vss",
    "text":"Vlissingen Souburg"
  },
  {
    "id":"vst",
    "text":"Voorschoten"
  },
  {
    "id":"vsv",
    "text":"Varsseveld"
  },
  {
    "id":"vtn",
    "text":"Vleuten"
  },
  {
    "id":"vwd",
    "text":"Veenwouden"
  },
  {
    "id":"vz",
    "text":"Vriezenveen"
  },
  {
    "id":"wad",
    "text":"Waddinxveen"
  },
  {
    "id":"wadn",
    "text":"Waddinxveen Noord"
  },
  {
    "id":"wc",
    "text":"Wijchen"
  },
  {
    "id":"wd",
    "text":"Woerden"
  },
  {
    "id":"wdn",
    "text":"Wierden"
  },
  {
    "id":"wf",
    "text":"Wolfheze"
  },
  {
    "id":"wfm",
    "text":"Warffum"
  },
  {
    "id":"wh",
    "text":"Wijhe"
  },
  {
    "id":"wk",
    "text":"Workum"
  },
  {
    "id":"wl",
    "text":"Wehl"
  },
  {
    "id":"wm",
    "text":"Wormerveer"
  },
  {
    "id":"wp",
    "text":"Weesp"
  },
  {
    "id":"ws",
    "text":"Winschoten"
  },
  {
    "id":"wsm",
    "text":"Winsum"
  },
  {
    "id":"wt",
    "text":"Weert"
  },
  {
    "id":"wv",
    "text":"Wolvega"
  },
  {
    "id":"ww",
    "text":"Winterswijk"
  },
  {
    "id":"www",
    "text":"Winterswijk West"
  },
  {
    "id":"wz",
    "text":"Wezep"
  },
  {
    "id":"ypb",
    "text":"Den Haag Ypenburg"
  },
  {
    "id":"za",
    "text":"Zetten-Andelst"
  },
  {
    "id":"zb",
    "text":"Zuidbroek"
  },
  {
    "id":"zbm",
    "text":"Zaltbommel"
  },
  {
    "id":"zd",
    "text":"Zaandam"
  },
  {
    "id":"zdk",
    "text":"Zaandam Kogerveld"
  },
  {
    "id":"zh",
    "text":"Zuidhorn"
  },
  {
    "id":"zl",
    "text":"Zwolle"
  },
  {
    "id":"zlw",
    "text":"Lage Zwaluwe"
  },
  {
    "id":"zp",
    "text":"Zutphen"
  },
  {
    "id":"ztm",
    "text":"Zoetermeer"
  },
  {
    "id":"ztmo",
    "text":"Zoetermeer Oost"
  },
  {
    "id":"zv",
    "text":"Zevenaar"
  },
  {
    "id":"zvb",
    "text":"Zevenbergen"
  },
  {
    "id":"zvt",
    "text":"Zandvoort aan Zee"
  },
  {
    "id":"zwd",
    "text":"Zwijndrecht"
  },
  {
    "id":"zww",
    "text":"Zwaagwesteinde"
  },
  {
    "id":"vdm",
    "text":"Veendam"
  },
  {
    "id":"ssh",
    "text":"Sassenheim"
  },
  {
    "id":"wtv",
    "text":"Westervoort"
  },
  {
    "id":"bhdv",
    "text":"Boven-Hardinxveld"
  },
  {
    "id":"sdtb",
    "text":"Sliedrecht Baanhoek"
  },
  {
    "id":"hry",
    "text":"Heerenveen IJsstadion"
  },
  {
    "id":"krw",
    "text":"Kerkrade West"
  },
  {
    "id":"olv",
    "text":"Onze Lieve Vrouwe t. Nood"
  },
  {
    "id":"spv",
    "text":"Simpelveld"
  },
  {
    "id":"ampo",
    "text":"Almere Poort"
  },
  {
    "id":"dron",
    "text":"Dronten"
  },
  {
    "id":"hwzb",
    "text":"Halfweg-Zwanenburg"
  },
  {
    "id":"hbzm",
    "text":"Hardinxveld Blauwe Zoom"
  },
  {
    "id":"hglg",
    "text":"Hengelo Gezondheidspark"
  },
  {
    "id":"hvl",
    "text":"Hoevelaken"
  },
  {
    "id":"kpnz",
    "text":"Kampen Zuid"
  },
  {
    "id":"sph",
    "text":"Spekholzerheide"
  },
  {
    "id":"wij",
    "text":"Gulpen-Wijlre"
  },
  {
    "id":"wtm",
    "text":"Eijs-Wittem"
  },
  {
    "id":"adh",
    "text":"Leeuwarden Achter d Hoven"
  },
  {
    "id":"utlr",
    "text":"Utrecht Leidsche Rijn"
  },
  {
    "id":"hvsm",
    "text":"Hilversum Media Park"
  },
  {
    "id":"mtn",
    "text":"Maastricht Noord"
  }
]